{"initial_reset_timestamp": 1653917135.2658617, "timestamps": [1653917141.0631804, 1653917146.8888528, 1653917152.5212498, 1653917157.3220048, 1653917162.168812, 1653917166.6445432, 1653917171.490801, 1653917175.8914347, 1653917179.731688, 1653917184.1389232, 1653917188.2477438, 1653917192.3754492, 1653917198.4458387, 1653917201.7997763, 1653917206.9533398, 1653917211.171249, 1653917214.4902596, 1653917220.277167, 1653917223.4986823, 1653917228.0377574], "episode_lengths": [2369, 2353, 3079, 2342, 2706, 2502, 2729, 2501, 1576, 2521, 2373, 2046, 3085, 1788, 2694, 2245, 1868, 3229, 1812, 2582], "episode_rewards": [7100.0, 7900.0, 11500.0, 6400.0, 7000.0, 7400.0, 9200.0, 5800.0, 4400.0, 9100.0, 7300.0, 5600.0, 9300.0, 5100.0, 10100.0, 8400.0, 5500.0, 11200.0, 4500.0, 6900.0], "episode_types": ["t", "t", "t", "t", "t", "t", "t", "t", "t", "t", "t", "t", "t", "t", "t", "t", "t", "t", "t", "t"]}