{"initial_reset_timestamp": 1653731922.7314095, "timestamps": [1653731924.7196326, 1653731926.1928895, 1653731927.2596598], "episode_lengths": [1251, 991, 743], "episode_rewards": [1500.0, 300.0, 200.0], "episode_types": ["t", "t", "t"]}