{"initial_reset_timestamp": 1653910925.7967663, "timestamps": [1653910927.9021459, 1653910929.9943206, 1653910930.100811, 1653910930.1361036, 1653910930.1715448, 1653910930.2071345, 1653910930.2353773, 1653910930.2712817, 1653910932.740774, 1653910932.8922231, 1653910932.9393358, 1653910932.969236, 1653910932.9990187, 1653910933.0281804, 1653910933.0397217, 1653910933.0702353, 1653910933.1012623, 1653910933.1335783, 1653910933.165541, 1653910933.197181, 1653910933.2286973, 1653910933.2603283, 1653910933.292127, 1653910933.3239155, 1653910933.3559954, 1653910933.3891733, 1653910933.4210677, 1653910935.5282695, 1653910935.6236024, 1653910935.6524274, 1653910935.6819978, 1653910935.712068, 1653910935.7424142, 1653910935.7725937, 1653910935.8032017, 1653910935.833606, 1653910935.8641033, 1653910935.9021246, 1653910935.949815, 1653910935.9814749, 1653910936.0119112, 1653910936.0421789, 1653910936.0725293, 1653910936.1030743, 1653910936.1335046, 1653910936.1636055, 1653910936.1941915, 1653910936.2247016, 1653910936.2552457, 1653910936.2857547, 1653910936.3314617, 1653910936.3641632, 1653910936.3946283, 1653910936.4251742, 1653910936.455704, 1653910936.4861076, 1653910936.51679, 1653910936.5473788, 1653910936.5784776, 1653910936.610643, 1653910936.6418407, 1653910936.6731575, 1653910936.7034972, 1653910936.7343554, 1653910938.6417747, 1653910938.7513478, 1653910938.7990124, 1653910938.8395383, 1653910938.8934553, 1653910938.9432156, 1653910938.9765606, 1653910939.008552, 1653910939.0520453, 1653910939.08577, 1653910939.1184258, 1653910939.1515658, 1653910939.185318, 1653910939.2177887, 1653910939.2519345, 1653910939.285509, 1653910939.3190432, 1653910939.3528614, 1653910939.3866017, 1653910939.4283834, 1653910939.4626167, 1653910939.498105, 1653910939.5315888, 1653910939.5657384, 1653910939.5984845, 1653910939.6339645, 1653910939.667874, 1653910939.702073, 1653910939.739846, 1653910939.7743535, 1653910939.8079612, 1653910939.849866, 1653910939.8841577, 1653910939.919557, 1653910939.9539332, 1653910939.9873953], "episode_lengths": [200, 200, 200, 200, 200, 200, 154, 200, 200, 200, 200, 200, 200, 200, 77, 200, 200, 200, 200, 200, 200, 200, 200, 200, 200, 200, 200, 200, 200, 200, 200, 200, 200, 200, 200, 200, 200, 200, 200, 200, 200, 200, 200, 200, 200, 200, 200, 200, 200, 200, 200, 200, 200, 200, 200, 200, 200, 200, 200, 200, 200, 200, 200, 200, 200, 200, 200, 200, 200, 200, 200, 200, 200, 200, 200, 200, 200, 200, 200, 200, 200, 200, 200, 200, 200, 200, 200, 200, 200, 200, 200, 200, 200, 200, 200, 200, 200, 200, 200, 200], "episode_rewards": [200.0, 200.0, 200.0, 200.0, 200.0, 200.0, 154.0, 200.0, 200.0, 200.0, 200.0, 200.0, 200.0, 200.0, 77.0, 200.0, 200.0, 200.0, 200.0, 200.0, 200.0, 200.0, 200.0, 200.0, 200.0, 200.0, 200.0, 200.0, 200.0, 200.0, 200.0, 200.0, 200.0, 200.0, 200.0, 200.0, 200.0, 200.0, 200.0, 200.0, 200.0, 200.0, 200.0, 200.0, 200.0, 200.0, 200.0, 200.0, 200.0, 200.0, 200.0, 200.0, 200.0, 200.0, 200.0, 200.0, 200.0, 200.0, 200.0, 200.0, 200.0, 200.0, 200.0, 200.0, 200.0, 200.0, 200.0, 200.0, 200.0, 200.0, 200.0, 200.0, 200.0, 200.0, 200.0, 200.0, 200.0, 200.0, 200.0, 200.0, 200.0, 200.0, 200.0, 200.0, 200.0, 200.0, 200.0, 200.0, 200.0, 200.0, 200.0, 200.0, 200.0, 200.0, 200.0, 200.0, 200.0, 200.0, 200.0, 200.0], "episode_types": ["t", "t", "t", "t", "t", "t", "t", "t", "t", "t", "t", "t", "t", "t", "t", "t", "t", "t", "t", "t", "t", "t", "t", "t", "t", "t", "t", "t", "t", "t", "t", "t", "t", "t", "t", "t", "t", "t", "t", "t", "t", "t", "t", "t", "t", "t", "t", "t", "t", "t", "t", "t", "t", "t", "t", "t", "t", "t", "t", "t", "t", "t", "t", "t", "t", "t", "t", "t", "t", "t", "t", "t", "t", "t", "t", "t", "t", "t", "t", "t", "t", "t", "t", "t", "t", "t", "t", "t", "t", "t", "t", "t", "t", "t", "t", "t", "t", "t", "t", "t"]}